Data type,UnitTypeInput Id,UnitTypeInput Name,Unit Input Custom Name,Timestamp,Timestamp short (UTC),Value,Base,Unit Id,Unit Name
Hourly apparent-power,2801,PowerMoniSpot,,2024-03-18T07:00:00.0000000+00:00,3/18/2024 7:00:00 AM,1590.31832640625,VA,17888,Ventilation Loft
Hourly Uncalibrated,2801,PowerMoniSpot,,2024-03-18T07:00:00.0000000+00:00,3/18/2024 7:00:00 AM,883.510181336806,,17888,Ventilation Loft
Hourly apparent-power,2801,PowerMoniSpot,,2024-03-18T08:00:00.0000000+00:00,3/18/2024 8:00:00 AM,1592.8347736875,VA,17888,Ventilation Loft
Hourly Uncalibrated,2801,PowerMoniSpot,,2024-03-18T08:00:00.0000000+00:00,3/18/2024 8:00:00 AM,884.908207604167,,17888,Ventilation Loft
Hourly apparent-power,2801,PowerMoniSpot,,2024-03-18T09:00:00.0000000+00:00,3/18/2024 9:00:00 AM,1598.22880878125,VA,17888,Ventilation Loft
Hourly Uncalibrated,2801,PowerMoniSpot,,2024-03-18T09:00:00.0000000+00:00,3/18/2024 9:00:00 AM,887.904893767361,,17888,Ventilation Loft
Hourly apparent-power,2801,PowerMoniSpot,,2024-03-18T10:00:00.0000000+00:00,3/18/2024 10:00:00 AM,1590.9570331875,VA,17888,Ventilation Loft
Hourly Uncalibrated,2801,PowerMoniSpot,,2024-03-18T10:00:00.0000000+00:00,3/18/2024 10:00:00 AM,883.8650184375,,17888,Ventilation Loft
Hourly apparent-power,2801,PowerMoniSpot,,2024-03-18T11:00:00.0000000+00:00,3/18/2024 11:00:00 AM,1576.1929759375,VA,17888,Ventilation Loft
Hourly Uncalibrated,2801,PowerMoniSpot,,2024-03-18T11:00:00.0000000+00:00,3/18/2024 11:00:00 AM,877.1716703125,,17888,Ventilation Loft
Hourly apparent-power,2801,PowerMoniSpot,,2024-03-18T12:00:00.0000000+00:00,3/18/2024 12:00:00 PM,1577.20184328125,VA,17888,Ventilation Loft
Hourly Uncalibrated,2801,PowerMoniSpot,,2024-03-18T12:00:00.0000000+00:00,3/18/2024 12:00:00 PM,876.223246267361,,17888,Ventilation Loft
Hourly apparent-power,2801,PowerMoniSpot,,2024-03-18T13:00:00.0000000+00:00,3/18/2024 1:00:00 PM,1574.3278275625,VA,17888,Ventilation Loft
Hourly Uncalibrated,2801,PowerMoniSpot,,2024-03-18T13:00:00.0000000+00:00,3/18/2024 1:00:00 PM,874.626570868056,,17888,Ventilation Loft
Hourly apparent-power,2801,PowerMoniSpot,,2024-03-18T14:00:00.0000000+00:00,3/18/2024 2:00:00 PM,1584.0284234375,VA,17888,Ventilation Loft
Hourly Uncalibrated,2801,PowerMoniSpot,,2024-03-18T14:00:00.0000000+00:00,3/18/2024 2:00:00 PM,880.015790798611,,17888,Ventilation Loft
Hourly apparent-power,2801,PowerMoniSpot,,2024-03-18T15:00:00.0000000+00:00,3/18/2024 3:00:00 PM,1584.32877409375,VA,17888,Ventilation Loft
Hourly Uncalibrated,2801,PowerMoniSpot,,2024-03-18T15:00:00.0000000+00:00,3/18/2024 3:00:00 PM,880.182652274305,,17888,Ventilation Loft
Hourly apparent-power,2801,PowerMoniSpot,,2024-03-18T16:00:00.0000000+00:00,3/18/2024 4:00:00 PM,169.839349780273,VA,17888,Ventilation Loft
Hourly Uncalibrated,2801,PowerMoniSpot,,2024-03-18T16:00:00.0000000+00:00,3/18/2024 4:00:00 PM,94.3551943223741,,17888,Ventilation Loft
Hourly apparent-power,2801,PowerMoniSpot,,2024-03-18T17:00:00.0000000+00:00,3/18/2024 5:00:00 PM,49.0105047802734,VA,17888,Ventilation Loft
Hourly Uncalibrated,2801,PowerMoniSpot,,2024-03-18T17:00:00.0000000+00:00,3/18/2024 5:00:00 PM,27.228058211263,,17888,Ventilation Loft
Hourly apparent-power,2801,PowerMoniSpot,,2024-03-18T18:00:00.0000000+00:00,3/18/2024 6:00:00 PM,51.296101890625,VA,17888,Ventilation Loft
Hourly Uncalibrated,2801,PowerMoniSpot,,2024-03-18T18:00:00.0000000+00:00,3/18/2024 6:00:00 PM,28.4978343836805,,17888,Ventilation Loft
Hourly apparent-power,2801,PowerMoniSpot,,2024-03-18T19:00:00.0000000+00:00,3/18/2024 7:00:00 PM,54.7512806884766,VA,17888,Ventilation Loft
Hourly Uncalibrated,2801,PowerMoniSpot,,2024-03-18T19:00:00.0000000+00:00,3/18/2024 7:00:00 PM,30.4173781602647,,17888,Ventilation Loft
Hourly apparent-power,2801,PowerMoniSpot,,2024-03-18T20:00:00.0000000+00:00,3/18/2024 8:00:00 PM,55.1910451240234,VA,17888,Ventilation Loft
Hourly Uncalibrated,2801,PowerMoniSpot,,2024-03-18T20:00:00.0000000+00:00,3/18/2024 8:00:00 PM,30.6616917355686,,17888,Ventilation Loft
Hourly apparent-power,2801,PowerMoniSpot,,2024-03-18T21:00:00.0000000+00:00,3/18/2024 9:00:00 PM,46.8161041484375,VA,17888,Ventilation Loft
Hourly Uncalibrated,2801,PowerMoniSpot,,2024-03-18T21:00:00.0000000+00:00,3/18/2024 9:00:00 PM,26.0089467491319,,17888,Ventilation Loft
Hourly apparent-power,2801,PowerMoniSpot,,2024-03-18T22:00:00.0000000+00:00,3/18/2024 10:00:00 PM,48.0430775830078,VA,17888,Ventilation Loft
Hourly Uncalibrated,2801,PowerMoniSpot,,2024-03-18T22:00:00.0000000+00:00,3/18/2024 10:00:00 PM,26.6905986572266,,17888,Ventilation Loft
Hourly apparent-power,2801,PowerMoniSpot,,2024-03-18T23:00:00.0000000+00:00,3/18/2024 11:00:00 PM,52.4883294941406,VA,17888,Ventilation Loft
Hourly Uncalibrated,2801,PowerMoniSpot,,2024-03-18T23:00:00.0000000+00:00,3/18/2024 11:00:00 PM,29.1601830523004,,17888,Ventilation Loft
Hourly apparent-power,2801,PowerMoniSpot,,2024-03-19T00:00:00.0000000+00:00,3/19/2024 12:00:00 AM,47.6729021757812,VA,17888,Ventilation Loft
Hourly Uncalibrated,2801,PowerMoniSpot,,2024-03-19T00:00:00.0000000+00:00,3/19/2024 12:00:00 AM,26.4849456532118,,17888,Ventilation Loft
Hourly apparent-power,2801,PowerMoniSpot,,2024-03-19T01:00:00.0000000+00:00,3/19/2024 1:00:00 AM,50.1507841679687,VA,17888,Ventilation Loft
Hourly Uncalibrated,2801,PowerMoniSpot,,2024-03-19T01:00:00.0000000+00:00,3/19/2024 1:00:00 AM,27.8615467599826,,17888,Ventilation Loft
Hourly apparent-power,2801,PowerMoniSpot,,2024-03-19T02:00:00.0000000+00:00,3/19/2024 2:00:00 AM,51.5035079453125,VA,17888,Ventilation Loft
Hourly Uncalibrated,2801,PowerMoniSpot,,2024-03-19T02:00:00.0000000+00:00,3/19/2024 2:00:00 AM,28.6130599696181,,17888,Ventilation Loft
Hourly apparent-power,2801,PowerMoniSpot,,2024-03-19T03:00:00.0000000+00:00,3/19/2024 3:00:00 AM,48.4290766826172,VA,17888,Ventilation Loft
Hourly Uncalibrated,2801,PowerMoniSpot,,2024-03-19T03:00:00.0000000+00:00,3/19/2024 3:00:00 AM,26.905042601454,,17888,Ventilation Loft
Hourly apparent-power,2801,PowerMoniSpot,,2024-03-19T04:00:00.0000000+00:00,3/19/2024 4:00:00 AM,51.1857259677734,VA,17888,Ventilation Loft
Hourly Uncalibrated,2801,PowerMoniSpot,,2024-03-19T04:00:00.0000000+00:00,3/19/2024 4:00:00 AM,28.4365144265408,,17888,Ventilation Loft
Hourly apparent-power,2801,PowerMoniSpot,,2024-03-19T05:00:00.0000000+00:00,3/19/2024 5:00:00 AM,47.5543441015625,VA,17888,Ventilation Loft
Hourly Uncalibrated,2801,PowerMoniSpot,,2024-03-19T05:00:00.0000000+00:00,3/19/2024 5:00:00 AM,26.4190800564236,,17888,Ventilation Loft
Hourly apparent-power,2801,PowerMoniSpot,,2024-03-19T06:00:00.0000000+00:00,3/19/2024 6:00:00 AM,2438.09292659961,VA,17888,Ventilation Loft
Hourly Uncalibrated,2801,PowerMoniSpot,,2024-03-19T06:00:00.0000000+00:00,3/19/2024 6:00:00 AM,1354.49607033311,,17888,Ventilation Loft
Hourly apparent-power,2801,PowerMoniSpot,,2024-03-19T07:00:00.0000000+00:00,3/19/2024 7:00:00 AM,1582.228149,VA,17888,Ventilation Loft
Hourly Uncalibrated,2801,PowerMoniSpot,,2024-03-19T07:00:00.0000000+00:00,3/19/2024 7:00:00 AM,879.015638333333,,17888,Ventilation Loft
Hourly apparent-power,2801,PowerMoniSpot,,2024-03-19T08:00:00.0000000+00:00,3/19/2024 8:00:00 AM,1579.10126215625,VA,17888,Ventilation Loft
Hourly Uncalibrated,2801,PowerMoniSpot,,2024-03-19T08:00:00.0000000+00:00,3/19/2024 8:00:00 AM,877.278478975694,,17888,Ventilation Loft
Hourly apparent-power,2801,PowerMoniSpot,,2024-03-19T09:00:00.0000000+00:00,3/19/2024 9:00:00 AM,1587.84375390625,VA,17888,Ventilation Loft
Hourly Uncalibrated,2801,PowerMoniSpot,,2024-03-19T09:00:00.0000000+00:00,3/19/2024 9:00:00 AM,882.135418836805,,17888,Ventilation Loft
Hourly apparent-power,2801,PowerMoniSpot,,2024-03-19T10:00:00.0000000+00:00,3/19/2024 10:00:00 AM,1581.70877734375,VA,17888,Ventilation Loft
Hourly Uncalibrated,2801,PowerMoniSpot,,2024-03-19T10:00:00.0000000+00:00,3/19/2024 10:00:00 AM,878.727098524306,,17888,Ventilation Loft
Hourly apparent-power,2801,PowerMoniSpot,,2024-03-19T11:00:00.0000000+00:00,3/19/2024 11:00:00 AM,1577.57148125,VA,17888,Ventilation Loft
Hourly Uncalibrated,2801,PowerMoniSpot,,2024-03-19T11:00:00.0000000+00:00,3/19/2024 11:00:00 AM,876.428600694445,,17888,Ventilation Loft
Hourly apparent-power,2801,PowerMoniSpot,,2024-03-19T12:00:00.0000000+00:00,3/19/2024 12:00:00 PM,1568.0597603125,VA,17888,Ventilation Loft
Hourly Uncalibrated,2801,PowerMoniSpot,,2024-03-19T12:00:00.0000000+00:00,3/19/2024 12:00:00 PM,871.144311284722,,17888,Ventilation Loft
Hourly apparent-power,2801,PowerMoniSpot,,2024-03-19T13:00:00.0000000+00:00,3/19/2024 1:00:00 PM,1563.9324198125,VA,17888,Ventilation Loft
Hourly Uncalibrated,2801,PowerMoniSpot,,2024-03-19T13:00:00.0000000+00:00,3/19/2024 1:00:00 PM,868.851344340278,,17888,Ventilation Loft
Hourly apparent-power,2801,PowerMoniSpot,,2024-03-19T14:00:00.0000000+00:00,3/19/2024 2:00:00 PM,1563.9707214375,VA,17888,Ventilation Loft
Hourly Uncalibrated,2801,PowerMoniSpot,,2024-03-19T14:00:00.0000000+00:00,3/19/2024 2:00:00 PM,868.872623020833,,17888,Ventilation Loft
Hourly apparent-power,2801,PowerMoniSpot,,2024-03-19T15:00:00.0000000+00:00,3/19/2024 3:00:00 PM,1568.60168975,VA,17888,Ventilation Loft
Hourly Uncalibrated,2801,PowerMoniSpot,,2024-03-19T15:00:00.0000000+00:00,3/19/2024 3:00:00 PM,871.445383194445,,17888,Ventilation Loft
Hourly apparent-power,2801,PowerMoniSpot,,2024-03-19T16:00:00.0000000+00:00,3/19/2024 4:00:00 PM,171.527045168945,VA,17888,Ventilation Loft
Hourly Uncalibrated,2801,PowerMoniSpot,,2024-03-19T16:00:00.0000000+00:00,3/19/2024 4:00:00 PM,95.2928028716363,,17888,Ventilation Loft
Hourly apparent-power,2801,PowerMoniSpot,,2024-03-19T17:00:00.0000000+00:00,3/19/2024 5:00:00 PM,52.4596655078125,VA,17888,Ventilation Loft
Hourly Uncalibrated,2801,PowerMoniSpot,,2024-03-19T17:00:00.0000000+00:00,3/19/2024 5:00:00 PM,29.1442586154514,,17888,Ventilation Loft
Hourly apparent-power,2801,PowerMoniSpot,,2024-03-19T18:00:00.0000000+00:00,3/19/2024 6:00:00 PM,53.9895557216797,VA,17888,Ventilation Loft
Hourly Uncalibrated,2801,PowerMoniSpot,,2024-03-19T18:00:00.0000000+00:00,3/19/2024 6:00:00 PM,29.9941976231554,,17888,Ventilation Loft
Hourly apparent-power,2801,PowerMoniSpot,,2024-03-19T19:00:00.0000000+00:00,3/19/2024 7:00:00 PM,48.4007292792969,VA,17888,Ventilation Loft
Hourly Uncalibrated,2801,PowerMoniSpot,,2024-03-19T19:00:00.0000000+00:00,3/19/2024 7:00:00 PM,26.8892940440538,,17888,Ventilation Loft
Hourly apparent-power,2801,PowerMoniSpot,,2024-03-19T20:00:00.0000000+00:00,3/19/2024 8:00:00 PM,47.6091065761719,VA,17888,Ventilation Loft
Hourly Uncalibrated,2801,PowerMoniSpot,,2024-03-19T20:00:00.0000000+00:00,3/19/2024 8:00:00 PM,26.4495036534288,,17888,Ventilation Loft
Hourly apparent-power,2801,PowerMoniSpot,,2024-03-19T21:00:00.0000000+00:00,3/19/2024 9:00:00 PM,46.7126734931641,VA,17888,Ventilation Loft
Hourly Uncalibrated,2801,PowerMoniSpot,,2024-03-19T21:00:00.0000000+00:00,3/19/2024 9:00:00 PM,25.95148527398,,17888,Ventilation Loft
Hourly apparent-power,2801,PowerMoniSpot,,2024-03-19T22:00:00.0000000+00:00,3/19/2024 10:00:00 PM,51.6150311503906,VA,17888,Ventilation Loft
Hourly Uncalibrated,2801,PowerMoniSpot,,2024-03-19T22:00:00.0000000+00:00,3/19/2024 10:00:00 PM,28.6750173057726,,17888,Ventilation Loft
Hourly apparent-power,2801,PowerMoniSpot,,2024-03-19T23:00:00.0000000+00:00,3/19/2024 11:00:00 PM,49.4049386191406,VA,17888,Ventilation Loft
Hourly Uncalibrated,2801,PowerMoniSpot,,2024-03-19T23:00:00.0000000+00:00,3/19/2024 11:00:00 PM,27.4471881217448,,17888,Ventilation Loft
Hourly apparent-power,2801,PowerMoniSpot,,2024-03-20T00:00:00.0000000+00:00,3/20/2024 12:00:00 AM,47.7030656738281,VA,17888,Ventilation Loft
Hourly Uncalibrated,2801,PowerMoniSpot,,2024-03-20T00:00:00.0000000+00:00,3/20/2024 12:00:00 AM,26.5017031521267,,17888,Ventilation Loft
Hourly apparent-power,2801,PowerMoniSpot,,2024-03-20T01:00:00.0000000+00:00,3/20/2024 1:00:00 AM,49.2853417089844,VA,17888,Ventilation Loft
Hourly Uncalibrated,2801,PowerMoniSpot,,2024-03-20T01:00:00.0000000+00:00,3/20/2024 1:00:00 AM,27.3807453938802,,17888,Ventilation Loft
Hourly apparent-power,2801,PowerMoniSpot,,2024-03-20T02:00:00.0000000+00:00,3/20/2024 2:00:00 AM,50.2333668613281,VA,17888,Ventilation Loft
Hourly Uncalibrated,2801,PowerMoniSpot,,2024-03-20T02:00:00.0000000+00:00,3/20/2024 2:00:00 AM,27.9074260340712,,17888,Ventilation Loft
Hourly apparent-power,2801,PowerMoniSpot,,2024-03-20T03:00:00.0000000+00:00,3/20/2024 3:00:00 AM,54.4429121845703,VA,17888,Ventilation Loft
Hourly Uncalibrated,2801,PowerMoniSpot,,2024-03-20T03:00:00.0000000+00:00,3/20/2024 3:00:00 AM,30.2460623247613,,17888,Ventilation Loft
Hourly apparent-power,2801,PowerMoniSpot,,2024-03-20T04:00:00.0000000+00:00,3/20/2024 4:00:00 AM,55.8356617373047,VA,17888,Ventilation Loft
Hourly Uncalibrated,2801,PowerMoniSpot,,2024-03-20T04:00:00.0000000+00:00,3/20/2024 4:00:00 AM,31.0198120762804,,17888,Ventilation Loft
Hourly apparent-power,2801,PowerMoniSpot,,2024-03-20T05:00:00.0000000+00:00,3/20/2024 5:00:00 AM,47.2453101425781,VA,17888,Ventilation Loft
Hourly Uncalibrated,2801,PowerMoniSpot,,2024-03-20T05:00:00.0000000+00:00,3/20/2024 5:00:00 AM,26.2473945236545,,17888,Ventilation Loft
Hourly apparent-power,2801,PowerMoniSpot,,2024-03-20T06:00:00.0000000+00:00,3/20/2024 6:00:00 AM,1709.03655957031,VA,17888,Ventilation Loft
Hourly Uncalibrated,2801,PowerMoniSpot,,2024-03-20T06:00:00.0000000+00:00,3/20/2024 6:00:00 AM,949.46475531684,,17888,Ventilation Loft
Hourly apparent-power,2801,PowerMoniSpot,,2024-03-20T07:00:00.0000000+00:00,3/20/2024 7:00:00 AM,1661.66812925,VA,17888,Ventilation Loft
Hourly Uncalibrated,2801,PowerMoniSpot,,2024-03-20T07:00:00.0000000+00:00,3/20/2024 7:00:00 AM,923.148960694444,,17888,Ventilation Loft
Hourly apparent-power,2801,PowerMoniSpot,,2024-03-20T08:00:00.0000000+00:00,3/20/2024 8:00:00 AM,1564.1767881875,VA,17888,Ventilation Loft
Hourly Uncalibrated,2801,PowerMoniSpot,,2024-03-20T08:00:00.0000000+00:00,3/20/2024 8:00:00 AM,868.987104548611,,17888,Ventilation Loft
Hourly apparent-power,2801,PowerMoniSpot,,2024-03-20T09:00:00.0000000+00:00,3/20/2024 9:00:00 AM,1559.0190869375,VA,17888,Ventilation Loft
Hourly Uncalibrated,2801,PowerMoniSpot,,2024-03-20T09:00:00.0000000+00:00,3/20/2024 9:00:00 AM,866.121714965278,,17888,Ventilation Loft
Hourly apparent-power,2801,PowerMoniSpot,,2024-03-20T10:00:00.0000000+00:00,3/20/2024 10:00:00 AM,1556.93885278125,VA,17888,Ventilation Loft
Hourly Uncalibrated,2801,PowerMoniSpot,,2024-03-20T10:00:00.0000000+00:00,3/20/2024 10:00:00 AM,864.966029322917,,17888,Ventilation Loft
Hourly apparent-power,2801,PowerMoniSpot,,2024-03-20T11:00:00.0000000+00:00,3/20/2024 11:00:00 AM,1527.4973739375,VA,17888,Ventilation Loft
Hourly Uncalibrated,2801,PowerMoniSpot,,2024-03-20T11:00:00.0000000+00:00,3/20/2024 11:00:00 AM,848.6096521875,,17888,Ventilation Loft
Hourly apparent-power,2801,PowerMoniSpot,,2024-03-20T12:00:00.0000000+00:00,3/20/2024 12:00:00 PM,1523.86233309375,VA,17888,Ventilation Loft
Hourly Uncalibrated,2801,PowerMoniSpot,,2024-03-20T12:00:00.0000000+00:00,3/20/2024 12:00:00 PM,846.590185052083,,17888,Ventilation Loft
Hourly apparent-power,2801,PowerMoniSpot,,2024-03-20T13:00:00.0000000+00:00,3/20/2024 1:00:00 PM,1526.5740349375,VA,17888,Ventilation Loft
Hourly Uncalibrated,2801,PowerMoniSpot,,2024-03-20T13:00:00.0000000+00:00,3/20/2024 1:00:00 PM,848.096686076389,,17888,Ventilation Loft
Hourly apparent-power,2801,PowerMoniSpot,,2024-03-20T14:00:00.0000000+00:00,3/20/2024 2:00:00 PM,1552.61272,VA,17888,Ventilation Loft
Hourly Uncalibrated,2801,PowerMoniSpot,,2024-03-20T14:00:00.0000000+00:00,3/20/2024 2:00:00 PM,862.562622222222,,17888,Ventilation Loft
Hourly apparent-power,2801,PowerMoniSpot,,2024-03-20T15:00:00.0000000+00:00,3/20/2024 3:00:00 PM,1553.769550625,VA,17888,Ventilation Loft
Hourly Uncalibrated,2801,PowerMoniSpot,,2024-03-20T15:00:00.0000000+00:00,3/20/2024 3:00:00 PM,863.205305902778,,17888,Ventilation Loft
Hourly apparent-power,2801,PowerMoniSpot,,2024-03-20T16:00:00.0000000+00:00,3/20/2024 4:00:00 PM,174.958582881836,VA,17888,Ventilation Loft
Hourly Uncalibrated,2801,PowerMoniSpot,,2024-03-20T16:00:00.0000000+00:00,3/20/2024 4:00:00 PM,97.199212712131,,17888,Ventilation Loft
Hourly apparent-power,2801,PowerMoniSpot,,2024-03-20T17:00:00.0000000+00:00,3/20/2024 5:00:00 PM,49.4994426035156,VA,17888,Ventilation Loft
Hourly Uncalibrated,2801,PowerMoniSpot,,2024-03-20T17:00:00.0000000+00:00,3/20/2024 5:00:00 PM,27.4996903352865,,17888,Ventilation Loft
Hourly apparent-power,2801,PowerMoniSpot,,2024-03-20T18:00:00.0000000+00:00,3/20/2024 6:00:00 PM,45.8146840693359,VA,17888,Ventilation Loft
Hourly Uncalibrated,2801,PowerMoniSpot,,2024-03-20T18:00:00.0000000+00:00,3/20/2024 6:00:00 PM,25.4526022607422,,17888,Ventilation Loft
Hourly apparent-power,2801,PowerMoniSpot,,2024-03-20T19:00:00.0000000+00:00,3/20/2024 7:00:00 PM,48.0569972783203,VA,17888,Ventilation Loft
Hourly Uncalibrated,2801,PowerMoniSpot,,2024-03-20T19:00:00.0000000+00:00,3/20/2024 7:00:00 PM,26.6983318212891,,17888,Ventilation Loft
Hourly apparent-power,2801,PowerMoniSpot,,2024-03-20T20:00:00.0000000+00:00,3/20/2024 8:00:00 PM,50.1100111201172,VA,17888,Ventilation Loft
Hourly Uncalibrated,2801,PowerMoniSpot,,2024-03-20T20:00:00.0000000+00:00,3/20/2024 8:00:00 PM,27.8388950667318,,17888,Ventilation Loft
Hourly apparent-power,2801,PowerMoniSpot,,2024-03-20T21:00:00.0000000+00:00,3/20/2024 9:00:00 PM,54.8570286152344,VA,17888,Ventilation Loft
Hourly Uncalibrated,2801,PowerMoniSpot,,2024-03-20T21:00:00.0000000+00:00,3/20/2024 9:00:00 PM,30.4761270084635,,17888,Ventilation Loft
Hourly apparent-power,2801,PowerMoniSpot,,2024-03-20T22:00:00.0000000+00:00,3/20/2024 10:00:00 PM,60.7233681806641,VA,17888,Ventilation Loft
Hourly Uncalibrated,2801,PowerMoniSpot,,2024-03-20T22:00:00.0000000+00:00,3/20/2024 10:00:00 PM,33.7352045448133,,17888,Ventilation Loft
Hourly apparent-power,2801,PowerMoniSpot,,2024-03-20T23:00:00.0000000+00:00,3/20/2024 11:00:00 PM,57.1423332548828,VA,17888,Ventilation Loft
Hourly Uncalibrated,2801,PowerMoniSpot,,2024-03-20T23:00:00.0000000+00:00,3/20/2024 11:00:00 PM,31.7457406971571,,17888,Ventilation Loft
Hourly apparent-power,2801,PowerMoniSpot,,2024-03-21T00:00:00.0000000+00:00,3/21/2024 12:00:00 AM,49.0434665908203,VA,17888,Ventilation Loft
Hourly Uncalibrated,2801,PowerMoniSpot,,2024-03-21T00:00:00.0000000+00:00,3/21/2024 12:00:00 AM,27.2463703282335,,17888,Ventilation Loft
Hourly apparent-power,2801,PowerMoniSpot,,2024-03-21T01:00:00.0000000+00:00,3/21/2024 1:00:00 AM,48.8941858154297,VA,17888,Ventilation Loft
Hourly Uncalibrated,2801,PowerMoniSpot,,2024-03-21T01:00:00.0000000+00:00,3/21/2024 1:00:00 AM,27.1634365641276,,17888,Ventilation Loft
Hourly apparent-power,2801,PowerMoniSpot,,2024-03-21T02:00:00.0000000+00:00,3/21/2024 2:00:00 AM,48.3563172519531,VA,17888,Ventilation Loft
Hourly Uncalibrated,2801,PowerMoniSpot,,2024-03-21T02:00:00.0000000+00:00,3/21/2024 2:00:00 AM,26.8646206955295,,17888,Ventilation Loft
Hourly apparent-power,2801,PowerMoniSpot,,2024-03-21T03:00:00.0000000+00:00,3/21/2024 3:00:00 AM,55.0459380195312,VA,17888,Ventilation Loft
Hourly Uncalibrated,2801,PowerMoniSpot,,2024-03-21T03:00:00.0000000+00:00,3/21/2024 3:00:00 AM,30.5810766775173,,17888,Ventilation Loft
Hourly apparent-power,2801,PowerMoniSpot,,2024-03-21T04:00:00.0000000+00:00,3/21/2024 4:00:00 AM,50.949615203125,VA,17888,Ventilation Loft
Hourly Uncalibrated,2801,PowerMoniSpot,,2024-03-21T04:00:00.0000000+00:00,3/21/2024 4:00:00 AM,28.3053417795139,,17888,Ventilation Loft
Hourly apparent-power,2801,PowerMoniSpot,,2024-03-21T05:00:00.0000000+00:00,3/21/2024 5:00:00 AM,47.7620640332031,VA,17888,Ventilation Loft
Hourly Uncalibrated,2801,PowerMoniSpot,,2024-03-21T05:00:00.0000000+00:00,3/21/2024 5:00:00 AM,26.5344800184462,,17888,Ventilation Loft
Hourly apparent-power,2801,PowerMoniSpot,,2024-03-21T06:00:00.0000000+00:00,3/21/2024 6:00:00 AM,2332.84244636621,VA,17888,Ventilation Loft
Hourly Uncalibrated,2801,PowerMoniSpot,,2024-03-21T06:00:00.0000000+00:00,3/21/2024 6:00:00 AM,1296.02358131456,,17888,Ventilation Loft
Hourly apparent-power,2801,PowerMoniSpot,,2024-03-21T07:00:00.0000000+00:00,3/21/2024 7:00:00 AM,1564.9083033125,VA,17888,Ventilation Loft
Hourly Uncalibrated,2801,PowerMoniSpot,,2024-03-21T07:00:00.0000000+00:00,3/21/2024 7:00:00 AM,869.393501840278,,17888,Ventilation Loft
Hourly apparent-power,2801,PowerMoniSpot,,2024-03-21T08:00:00.0000000+00:00,3/21/2024 8:00:00 AM,1570.36635690625,VA,17888,Ventilation Loft
Hourly Uncalibrated,2801,PowerMoniSpot,,2024-03-21T08:00:00.0000000+00:00,3/21/2024 8:00:00 AM,872.425753836805,,17888,Ventilation Loft
Hourly apparent-power,2801,PowerMoniSpot,,2024-03-21T09:00:00.0000000+00:00,3/21/2024 9:00:00 AM,946.4064276875,VA,17888,Ventilation Loft
Hourly Uncalibrated,2801,PowerMoniSpot,,2024-03-21T09:00:00.0000000+00:00,3/21/2024 9:00:00 AM,525.781348715278,,17888,Ventilation Loft
Hourly apparent-power,2801,PowerMoniSpot,,2024-03-21T10:00:00.0000000+00:00,3/21/2024 10:00:00 AM,1206.92558225,VA,17888,Ventilation Loft
Hourly Uncalibrated,2801,PowerMoniSpot,,2024-03-21T10:00:00.0000000+00:00,3/21/2024 10:00:00 AM,670.514212361111,,17888,Ventilation Loft
Hourly apparent-power,2801,PowerMoniSpot,,2024-03-21T11:00:00.0000000+00:00,3/21/2024 11:00:00 AM,1557.7559845625,VA,17888,Ventilation Loft
Hourly Uncalibrated,2801,PowerMoniSpot,,2024-03-21T11:00:00.0000000+00:00,3/21/2024 11:00:00 AM,865.419991423611,,17888,Ventilation Loft
Hourly apparent-power,2801,PowerMoniSpot,,2024-03-21T12:00:00.0000000+00:00,3/21/2024 12:00:00 PM,1558.2117205,VA,17888,Ventilation Loft
Hourly Uncalibrated,2801,PowerMoniSpot,,2024-03-21T12:00:00.0000000+00:00,3/21/2024 12:00:00 PM,865.673178055555,,17888,Ventilation Loft
Hourly apparent-power,2801,PowerMoniSpot,,2024-03-21T13:00:00.0000000+00:00,3/21/2024 1:00:00 PM,1538.50867784375,VA,17888,Ventilation Loft
Hourly Uncalibrated,2801,PowerMoniSpot,,2024-03-21T13:00:00.0000000+00:00,3/21/2024 1:00:00 PM,854.727043246528,,17888,Ventilation Loft
Hourly apparent-power,2801,PowerMoniSpot,,2024-03-21T14:00:00.0000000+00:00,3/21/2024 2:00:00 PM,1548.25739278125,VA,17888,Ventilation Loft
Hourly Uncalibrated,2801,PowerMoniSpot,,2024-03-21T14:00:00.0000000+00:00,3/21/2024 2:00:00 PM,860.142995989583,,17888,Ventilation Loft
Hourly apparent-power,2801,PowerMoniSpot,,2024-03-21T15:00:00.0000000+00:00,3/21/2024 3:00:00 PM,1568.99612275,VA,17888,Ventilation Loft
Hourly Uncalibrated,2801,PowerMoniSpot,,2024-03-21T15:00:00.0000000+00:00,3/21/2024 3:00:00 PM,871.664512638889,,17888,Ventilation Loft
Hourly apparent-power,2801,PowerMoniSpot,,2024-03-21T16:00:00.0000000+00:00,3/21/2024 4:00:00 PM,169.182130944336,VA,17888,Ventilation Loft
Hourly Uncalibrated,2801,PowerMoniSpot,,2024-03-21T16:00:00.0000000+00:00,3/21/2024 4:00:00 PM,93.9900727468533,,17888,Ventilation Loft
Hourly apparent-power,2801,PowerMoniSpot,,2024-03-21T17:00:00.0000000+00:00,3/21/2024 5:00:00 PM,47.1537821601562,VA,17888,Ventilation Loft
Hourly Uncalibrated,2801,PowerMoniSpot,,2024-03-21T17:00:00.0000000+00:00,3/21/2024 5:00:00 PM,26.1965456445312,,17888,Ventilation Loft
Hourly apparent-power,2801,PowerMoniSpot,,2024-03-21T18:00:00.0000000+00:00,3/21/2024 6:00:00 PM,48.0622147949219,VA,17888,Ventilation Loft
Hourly Uncalibrated,2801,PowerMoniSpot,,2024-03-21T18:00:00.0000000+00:00,3/21/2024 6:00:00 PM,26.7012304416233,,17888,Ventilation Loft
Hourly apparent-power,2801,PowerMoniSpot,,2024-03-21T19:00:00.0000000+00:00,3/21/2024 7:00:00 PM,44.4751545019531,VA,17888,Ventilation Loft
Hourly Uncalibrated,2801,PowerMoniSpot,,2024-03-21T19:00:00.0000000+00:00,3/21/2024 7:00:00 PM,24.7084191677518,,17888,Ventilation Loft
Hourly apparent-power,2801,PowerMoniSpot,,2024-03-21T20:00:00.0000000+00:00,3/21/2024 8:00:00 PM,44.4991764736328,VA,17888,Ventilation Loft
Hourly Uncalibrated,2801,PowerMoniSpot,,2024-03-21T20:00:00.0000000+00:00,3/21/2024 8:00:00 PM,24.7217647075738,,17888,Ventilation Loft
Hourly apparent-power,2801,PowerMoniSpot,,2024-03-21T21:00:00.0000000+00:00,3/21/2024 9:00:00 PM,43.8898405791016,VA,17888,Ventilation Loft
Hourly Uncalibrated,2801,PowerMoniSpot,,2024-03-21T21:00:00.0000000+00:00,3/21/2024 9:00:00 PM,24.3832447661675,,17888,Ventilation Loft
Hourly apparent-power,2801,PowerMoniSpot,,2024-03-21T22:00:00.0000000+00:00,3/21/2024 10:00:00 PM,48.3853280585937,VA,17888,Ventilation Loft
Hourly Uncalibrated,2801,PowerMoniSpot,,2024-03-21T22:00:00.0000000+00:00,3/21/2024 10:00:00 PM,26.8807378103299,,17888,Ventilation Loft
Hourly apparent-power,2801,PowerMoniSpot,,2024-03-21T23:00:00.0000000+00:00,3/21/2024 11:00:00 PM,46.7058006005859,VA,17888,Ventilation Loft
Hourly Uncalibrated,2801,PowerMoniSpot,,2024-03-21T23:00:00.0000000+00:00,3/21/2024 11:00:00 PM,25.9476670003255,,17888,Ventilation Loft
Hourly apparent-power,2801,PowerMoniSpot,,2024-03-22T00:00:00.0000000+00:00,3/22/2024 12:00:00 AM,46.4774286210938,VA,17888,Ventilation Loft
Hourly Uncalibrated,2801,PowerMoniSpot,,2024-03-22T00:00:00.0000000+00:00,3/22/2024 12:00:00 AM,25.8207936783854,,17888,Ventilation Loft
Hourly apparent-power,2801,PowerMoniSpot,,2024-03-22T01:00:00.0000000+00:00,3/22/2024 1:00:00 AM,49.14829784375,VA,17888,Ventilation Loft
Hourly Uncalibrated,2801,PowerMoniSpot,,2024-03-22T01:00:00.0000000+00:00,3/22/2024 1:00:00 AM,27.3046099131944,,17888,Ventilation Loft
Hourly apparent-power,2801,PowerMoniSpot,,2024-03-22T02:00:00.0000000+00:00,3/22/2024 2:00:00 AM,48.7952013242187,VA,17888,Ventilation Loft
Hourly Uncalibrated,2801,PowerMoniSpot,,2024-03-22T02:00:00.0000000+00:00,3/22/2024 2:00:00 AM,27.1084451801215,,17888,Ventilation Loft
Hourly apparent-power,2801,PowerMoniSpot,,2024-03-22T03:00:00.0000000+00:00,3/22/2024 3:00:00 AM,49.0206684931641,VA,17888,Ventilation Loft
Hourly Uncalibrated,2801,PowerMoniSpot,,2024-03-22T03:00:00.0000000+00:00,3/22/2024 3:00:00 AM,27.2337047184245,,17888,Ventilation Loft
Hourly apparent-power,2801,PowerMoniSpot,,2024-03-22T04:00:00.0000000+00:00,3/22/2024 4:00:00 AM,48.5479742949218,VA,17888,Ventilation Loft
Hourly Uncalibrated,2801,PowerMoniSpot,,2024-03-22T04:00:00.0000000+00:00,3/22/2024 4:00:00 AM,26.9710968305122,,17888,Ventilation Loft
Hourly apparent-power,2801,PowerMoniSpot,,2024-03-22T05:00:00.0000000+00:00,3/22/2024 5:00:00 AM,47.1829932490234,VA,17888,Ventilation Loft
Hourly Uncalibrated,2801,PowerMoniSpot,,2024-03-22T05:00:00.0000000+00:00,3/22/2024 5:00:00 AM,26.2127740272352,,17888,Ventilation Loft
Hourly apparent-power,2801,PowerMoniSpot,,2024-03-22T06:00:00.0000000+00:00,3/22/2024 6:00:00 AM,1591.42460766016,VA,17888,Ventilation Loft
Hourly Uncalibrated,2801,PowerMoniSpot,,2024-03-22T06:00:00.0000000+00:00,3/22/2024 6:00:00 AM,884.12478203342,,17888,Ventilation Loft
Hourly apparent-power,2801,PowerMoniSpot,,2024-03-22T07:00:00.0000000+00:00,3/22/2024 7:00:00 AM,1556.2053916875,VA,17888,Ventilation Loft
Hourly Uncalibrated,2801,PowerMoniSpot,,2024-03-22T07:00:00.0000000+00:00,3/22/2024 7:00:00 AM,864.5585509375,,17888,Ventilation Loft
